File Prefix,Total Words,Unique Words,Anxiety Words Count,Unique Anxiety Words,Anxiety Word %,Anxiety List Coverage %,Chi2 Statistic,Chi2 P-Value,Statistically Significant,Expected Anxiety Count,Observed/Expected Ratio,Baseline Source
askreddit,860875,29550,3714,90,0.43%,86.54%,N/A,N/A,No,N/A,N/A,askreddit (0.431%)
football,459749,18823,819,51,0.18%,49.04%,484.4923,0.000000,Yes,1983.46,0.41,askreddit (0.431%)
trailrunning,105386,9625,377,49,0.36%,47.12%,7.0939,0.007735,Yes,454.66,0.83,askreddit (0.431%)
englandrugby,59990,5535,122,19,0.20%,18.27%,48.5886,0.000000,Yes,258.81,0.47,askreddit (0.431%)
anxiety,621789,17920,19797,101,3.18%,97.12%,13268.1742,0.000000,Yes,2682.53,7.38,askreddit (0.431%)
meditation,481132,16956,7214,82,1.50%,78.85%,2868.6642,0.000000,Yes,2075.71,3.48,askreddit (0.431%)
gaming,555560,23456,942,64,0.17%,61.54%,634.9338,0.000000,Yes,2396.81,0.39,askreddit (0.431%)
yoga,287863,13238,1223,69,0.42%,66.35%,0.1306,0.717821,No,1241.90,0.98,askreddit (0.431%)
running,600878,19593,2964,76,0.49%,73.08%,24.8445,0.000001,Yes,2592.32,1.14,askreddit (0.431%)
gardening,245782,14867,295,48,0.12%,46.15%,432.2524,0.000000,Yes,1060.36,0.28,askreddit (0.431%)
programming,813150,25713,1298,62,0.16%,59.62%,1018.4144,0.000000,Yes,3508.10,0.37,askreddit (0.431%)

Detailed Word Frequency Analysis

Word frequencies for askreddit_posts.json:
Word,Count
the,30709
i,26595
and,23138
a,22834
to,22564
it,14288
of,13347
in,12120
that,11690
was,11291
you,9831
my,9094
for,8072
s,7519
t,7225
is,6757
he,6454
with,5651
but,5620
on,5594
me,5547
they,5475
this,4857
she,4578
have,4518
at,4369
so,4363
just,4183
not,4110
had,4036
we,4024
like,3830
her,3763
be,3711
as,3586
when,3506
out,3458
up,3417
if,3252
are,3251
one,3234
about,3111
or,3060
all,2967
his,2910
can,2802
your,2777
people,2750
from,2692
m,2683

Anxiety-related word frequencies for askreddit_posts.json:
Word,Count
sleep,281
health,224
brain,209
hospital,198
doctor,163
group,157
support,156
heart,146
mental,143
social,141
scared,104
tired,103
therapy,98
anxiety,96
fear,91
depression,80
trauma,73
stress,72
attack,67
worry,57
stomach,56
chest,55
breathing,54
emergency,53
addiction,50
muscle,45
er,45
medicine,39
panic,39
crisis,36
nervous,35
recovery,34
medication,33
symptoms,29
trigger,28
tight,28
anxious,26
ptsd,24
disorder,22
dread,19
tension,18
prescription,16
tolerance,16
psychiatrist,15
dose,14
shaking,13
terror,13
headache,12
exposure,11
diagnosis,11
racing,11
techniques,9
psychologist,9
exhaustion,9
sweating,9
overwhelmed,8
obsession,8
ocd,8
pharmacist,7
meditation,7
trembling,6
counseling,6
coping,6
xanax,4
relaxation,4
reassurance,4
prozac,4
dizzy,4
phobia,4
nausea,3
fatigue,3
avoidance,3
ativan,3
cbt,2
insomnia,2
irritable,2
agoraphobia,2
lightheaded,2
ssri,2
grounding,2
relapse,2
ibs,2
withdrawal,2
antidepressant,1
hyperventilating,1
mindfulness,1
zoloft,1
compulsion,1
dependence,1
overthinking,1

Word frequencies for football_posts.json:
Word,Count
the,19188
a,11170
to,10274
and,9401
it,7222
of,7203
in,6844
that,6294
is,6178
i,6130
s,5938
he,5366
t,4850
they,4593
for,4546
you,4286
not,3345
but,3259
was,3178
be,3048
have,2996
this,2992
are,2710
on,2675
with,2666
as,2529
at,2224
if,2167
just,2077
like,1908
his,1888
so,1828
can,1823
or,1714
all,1677
we,1675
league,1558
what,1536
would,1466
more,1462
their,1459
one,1447
has,1444
from,1440
players,1418
him,1409
about,1375
no,1350
there,1335
don,1316

Anxiety-related word frequencies for football_posts.json:
Word,Count
group,156
support,115
brain,66
social,57
attack,54
mental,39
tired,32
fear,25
worry,21
health,21
scared,19
racing,18
heart,16
sleep,15
recovery,14
doctor,12
tight,12
chest,12
stress,10
exposure,9
obsession,8
hospital,6
crisis,6
coping,6
addiction,6
trauma,6
terror,5
emergency,5
overthinking,4
er,4
trigger,4
therapy,4
fatigue,4
muscle,4
disorder,3
breathing,3
tolerance,2
psychologist,2
ptsd,2
breathless,1
medicine,1
symptoms,1
meditation,1
panic,1
nervous,1
insomnia,1
headache,1
dose,1
dread,1
shaking,1
techniques,1

Word frequencies for trailrunning_posts.json:
Word,Count
the,3769
i,3460
a,2780
to,2398
and,2361
it,1859
of,1578
you,1508
in,1453
that,1294
is,1186
s,1063
for,1035
on,957
this,896
my,848
was,844
t,819
but,755
with,605
so,599
are,584
not,573
be,559
just,535
like,530
trail,521
have,514
there,501
running,481
run,468
they,468
me,464
if,459
at,442
or,433
your,418
out,385
as,382
can,371
up,368
m,361
one,328
what,321
all,315
from,315
do,306
an,305
get,300
no,294

Anxiety-related word frequencies for trailrunning_posts.json:
Word,Count
doctor,29
worry,26
social,23
group,20
symptoms,18
emergency,15
support,14
er,14
nausea,14
mental,13
sleep,12
scared,11
health,11
fear,10
tight,10
stomach,10
trauma,10
anxiety,9
chest,9
heart,9
hospital,9
brain,8
recovery,6
headache,6
exhaustion,5
stress,5
exposure,5
nervous,4
tired,4
attack,4
terror,4
medicine,3
diagnosis,3
sweating,2
breathing,2
anxious,2
muscle,2
panic,2
racing,2
depression,2
disorder,2
therapy,1
fatigue,1
ptsd,1
dose,1
dread,1
ocd,1
prescription,1
trigger,1

Word frequencies for englandrugby_posts.json:
Word,Count
the,2569
a,1448
to,1403
and,1339
i,1185
in,925
of,906
s,767
for,678
he,650
is,646
it,625
that,557
but,548
t,531
we,463
be,462
have,426
on,403
you,401
at,388
as,387
england,349
with,335
not,334
this,315
if,289
was,287
are,282
think,275
his,265
has,256
so,253
can,243
they,240
him,235
from,230
game,229
been,225
good,212
there,209
just,207
or,197
like,195
get,186
rugby,184
m,183
out,181
more,179
all,179

Anxiety-related word frequencies for englandrugby_posts.json:
Word,Count
attack,45
support,25
tight,11
worry,7
heart,4
fear,4
racing,3
group,3
recovery,3
mental,3
sleep,2
social,2
emergency,2
tired,2
brain,2
crisis,1
stomach,1
health,1
obsession,1

Word frequencies for anxiety_posts.json:
Word,Count
i,33385
and,17796
to,16664
the,15356
it,14483
a,13391
my,10401
of,8846
you,8578
that,8074
in,6494
me,6236
for,6231
is,5912
t,5647
s,5569
was,5486
but,5452
have,5002
anxiety,4933
this,4497
so,4171
with,4077
m,4073
like,3910
on,3636
not,3500
just,3452
can,3132
be,3018
or,3016
if,2802
when,2642
as,2614
had,2544
your,2500
get,2498
at,2412
all,2318
feel,2309
about,2301
do,2238
are,2188
out,2118
up,2074
what,2069
they,2011
time,1978
ve,1836
don,1823

Anxiety-related word frequencies for anxiety_posts.json:
Word,Count
anxiety,4933
panic,1295
anxious,838
heart,799
attack,787
health,683
symptoms,623
sleep,602
brain,541
fear,497
therapy,458
mental,415
doctor,324
chest,320
medication,314
stress,309
scared,292
stomach,292
depression,253
social,251
breathing,230
worry,225
nausea,211
disorder,166
dose,151
nervous,148
xanax,148
hospital,123
tired,122
support,119
er,118
palpitations,118
ocd,116
shaking,106
trauma,104
psychiatrist,98
trigger,97
racing,93
gad,91
meditation,87
dizzy,86
muscle,84
sweating,80
coping,80
medicine,78
ssri,72
ativan,71
insomnia,70
cbt,68
lexapro,67
exposure,63
dread,63
group,61
tension,60
zoloft,59
fatigue,55
emergency,55
tolerance,55
ptsd,52
headache,50
overthinking,49
ibs,49
recovery,47
tight,46
techniques,46
prescription,45
overwhelmed,44
withdrawal,43
klonopin,43
mindfulness,42
diagnosis,41
addiction,39
hyperventilating,35
prozac,32
crisis,29
reassurance,29
psychologist,29
valium,25
agoraphobia,22
grounding,20
terror,20
relaxation,18
phobia,15
exhaustion,15
lightheaded,15
buspar,15
trembling,15
antidepressant,14
avoidance,14
catastrophizing,12
counseling,11
dependence,10
pharmacist,9
rumination,8
obsession,6
irritable,5
claustrophobia,4
benzodiazepine,4
relapse,3
breathless,2
compulsion,1

Word frequencies for meditation_posts.json:
Word,Count
the,15839
i,15084
to,14227
and,12770
you,11367
it,10356
a,10101
of,9326
is,7812
that,7432
in,5788
for,4724
s,4400
this,4158
my,3823
your,3658
with,3384
t,3369
but,3347
not,3178
meditation,3172
are,3138
be,3038
on,3013
have,2965
can,2866
as,2708
or,2689
just,2468
me,2423
what,2381
like,2332
do,2281
if,2179
so,1989
was,1969
all,1805
more,1777
there,1752
about,1692
when,1663
from,1617
they,1584
we,1565
at,1508
how,1444
m,1442
people,1439
don,1381
will,1361

Anxiety-related word frequencies for meditation_posts.json:
Word,Count
meditation,3172
mindfulness,388
anxiety,350
mental,342
brain,290
social,187
breathing,164
trauma,156
health,145
stress,137
fear,132
techniques,129
sleep,123
depression,111
therapy,110
heart,100
relaxation,66
tension,64
anxious,61
symptoms,59
worry,55
group,53
nervous,52
support,50
psychiatrist,49
medication,43
ptsd,34
ocd,34
muscle,33
addiction,31
stomach,28
grounding,28
doctor,28
disorder,27
scared,27
trigger,23
medicine,21
tired,20
cbt,20
panic,18
chest,16
coping,15
rumination,15
overwhelmed,14
dread,14
attack,13
overthinking,13
racing,12
insomnia,12
psychologist,10
diagnosis,10
exposure,10
crisis,9
dose,9
hospital,8
avoidance,7
dependence,5
tolerance,5
shaking,5
prescription,4
ibs,4
phobia,4
recovery,4
er,3
counseling,3
tight,3
nausea,3
terror,3
sweating,3
reassurance,2
compulsion,2
emergency,2
obsession,2
exhaustion,2
fatigue,1
hyperventilating,1
gad,1
catastrophizing,1
irritable,1
withdrawal,1
headache,1
palpitations,1

Word frequencies for gaming_posts.json:
Word,Count
the,23396
a,13570
to,12958
i,12274
and,11798
it,11792
of,9620
that,8425
is,6738
in,6736
you,6500
s,6301
for,5461
they,5204
t,4872
was,4799
game,4037
on,3988
this,3901
but,3693
with,3474
just,3142
like,3102
have,3065
be,2933
not,2708
so,2690
are,2633
as,2603
games,2442
my,2355
if,2317
can,2186
at,2128
or,2044
all,2018
one,1924
there,1805
from,1715
people,1713
out,1695
me,1645
an,1628
when,1626
what,1578
up,1568
get,1515
he,1507
their,1500
time,1493

Anxiety-related word frequencies for gaming_posts.json:
Word,Count
support,141
racing,78
group,77
brain,68
social,65
attack,48
heart,42
worry,41
tired,39
health,34
chest,31
fear,24
trigger,20
sleep,18
scared,17
ptsd,14
anxiety,14
dread,12
tight,11
mental,10
trauma,10
panic,8
crisis,8
terror,8
stress,7
doctor,7
medicine,6
exposure,6
muscle,5
hospital,4
breathing,4
stomach,4
er,4
depression,4
tension,4
coping,4
techniques,3
obsession,3
dose,3
sweating,3
tolerance,2
psychologist,2
mindfulness,2
nervous,2
addiction,2
fatigue,2
shaking,2
overwhelmed,2
diagnosis,2
anxious,1
claustrophobia,1
trembling,1
insomnia,1
overthinking,1
therapy,1
grounding,1
prescription,1
recovery,1
headache,1
compulsion,1
meditation,1
medication,1
symptoms,1
ocd,1

Word frequencies for yoga_posts.json:
Word,Count
i,10725
the,8907
to,8099
and,7659
a,6554
it,5839
you,4777
of,4590
that,4232
is,4023
in,3875
yoga,3449
s,3221
for,3059
my,2934
this,2390
t,2349
but,2132
not,1871
with,1860
on,1827
are,1815
have,1743
so,1739
your,1717
be,1653
me,1600
was,1572
do,1554
as,1532
just,1446
can,1423
or,1408
if,1397
like,1355
they,1335
class,1329
m,1240
at,1188
people,1141
about,1033
what,1014
practice,951
all,950
there,948
don,942
when,942
more,866
one,839
from,836

Anxiety-related word frequencies for yoga_posts.json:
Word,Count
meditation,101
breathing,88
group,73
health,70
anxiety,63
tight,61
mental,60
social,50
support,48
trauma,36
worry,31
chest,31
brain,29
stress,29
muscle,29
fear,26
heart,24
therapy,23
sleep,22
recovery,22
mindfulness,21
doctor,19
nervous,15
tired,14
anxious,14
relaxation,13
tension,13
medicine,13
depression,12
scared,12
stomach,11
overthinking,11
grounding,10
sweating,10
trigger,10
symptoms,9
disorder,7
addiction,7
panic,6
tolerance,6
coping,6
techniques,5
dizzy,5
dread,4
attack,4
overwhelmed,4
emergency,4
shaking,3
obsession,3
medication,3
ptsd,3
nausea,2
withdrawal,2
relapse,2
hospital,2
avoidance,2
dose,2
headache,2
racing,2
ibs,2
phobia,2
dependence,2
prescription,2
er,1
exposure,1
diagnosis,1
counseling,1
insomnia,1
benzodiazepine,1

Word frequencies for running_posts.json:
Word,Count
i,24423
the,19998
a,16720
to,15476
and,15224
it,10322
of,8698
you,7658
in,7655
my,7258
that,7128
for,6964
is,6017
s,4811
t,4732
was,4694
but,4519
on,4505
running,4419
run,4180
with,3860
this,3581
have,3560
at,3367
me,3311
just,3220
so,3176
not,3052
be,3032
as,2968
if,2874
m,2684
or,2611
your,2519
are,2516
can,2484
do,2420
like,2382
up,2230
race,2206
they,2184
time,2184
out,2086
get,2077
marathon,2007
when,1894
there,1841
about,1838
all,1779
one,1759

Anxiety-related word frequencies for running_posts.json:
Word,Count
group,328
heart,269
mental,158
recovery,134
support,134
racing,126
health,114
brain,106
sleep,104
tired,103
social,98
chest,89
stress,87
depression,86
worry,85
muscle,84
anxiety,59
breathing,58
nervous,54
therapy,42
fatigue,37
fear,35
symptoms,35
tight,34
stomach,34
attack,31
trauma,30
doctor,30
anxious,29
dread,27
scared,24
sweating,24
medication,24
emergency,23
hospital,21
exhaustion,17
dose,13
disorder,12
medicine,11
trigger,10
diagnosis,10
er,9
meditation,9
exposure,8
obsession,8
overwhelmed,8
tolerance,7
addiction,6
headache,6
ocd,6
shaking,6
nausea,5
tension,5
panic,5
techniques,5
withdrawal,4
coping,4
prescription,3
dizzy,3
mindfulness,3
terror,2
crisis,2
avoidance,2
irritable,2
overthinking,2
counseling,2
gad,2
reassurance,2
ptsd,2
relaxation,1
psychiatrist,1
ibs,1
hyperventilating,1
lightheaded,1
breathless,1
relapse,1

Word frequencies for gardening_posts.json:
Word,Count
i,8406
the,8217
a,5910
and,5364
it,5170
to,5125
you,4105
of,3532
in,3322
that,3242
is,2887
s,2880
this,2622
for,2311
my,2251
so,2085
they,1839
have,1784
are,1679
like,1456
but,1440
t,1429
with,1396
them,1341
your,1288
on,1253
be,1140
amp,1134
was,1115
beautiful,1095
what,1080
can,1041
just,1014
love,955
one,926
do,919
m,919
as,897
all,882
or,868
me,857
garden,848
we,841
not,832
from,829
if,826
some,783
get,741
at,734
would,707

Anxiety-related word frequencies for gardening_posts.json:
Word,Count
heart,49
support,22
brain,18
worry,17
social,14
group,13
health,12
fear,10
stress,9
tired,8
exposure,7
sleep,7
overwhelmed,6
medicine,6
scared,5
ptsd,5
mental,5
tight,5
nervous,5
depression,5
therapy,4
trigger,4
techniques,4
tolerance,4
hospital,3
chest,3
sweating,3
trauma,3
er,3
meditation,3
obsession,3
headache,3
attack,3
doctor,3
panic,2
breathing,2
anxious,2
terror,2
exhaustion,2
muscle,2
stomach,2
emergency,1
shaking,1
ssri,1
tension,1
anxiety,1
dose,1
recovery,1

Word frequencies for programming_posts.json:
Word,Count
the,30163
to,22365
a,20192
and,16323
it,16111
i,15348
of,14505
that,13649
is,12287
you,11298
in,9821
s,8662
for,8120
t,7491
they,6109
this,5765
with,5641
but,5549
not,5302
on,5299
are,5151
be,5088
have,4967
if,4538
can,4221
as,3995
just,3903
or,3865
was,3744
like,3424
at,3356
so,3297
what,3107
do,2968
an,2960
your,2906
code,2876
my,2809
we,2771
there,2688
all,2656
more,2558
don,2546
people,2506
from,2490
about,2373
gt,2306
their,2287
one,2141
some,2128

Anxiety-related word frequencies for programming_posts.json:
Word,Count
support,382
attack,110
social,84
group,78
worry,65
brain,55
health,35
fear,32
stress,31
mental,30
tired,29
sleep,26
heart,26
techniques,25
panic,23
emergency,22
trigger,21
doctor,17
scared,16
tight,15
crisis,14
anxiety,14
headache,13
hospital,12
exposure,11
depression,11
recovery,7
nervous,6
avoidance,6
breathing,5
anxious,5
overwhelmed,5
disorder,5
dread,5
therapy,5
ptsd,4
er,4
muscle,3
trauma,3
shaking,3
tolerance,3
dependence,3
coping,3
fatigue,2
racing,2
sweating,2
psychologist,2
exhaustion,2
insomnia,2
obsession,2
reassurance,1
tension,1
dose,1
terror,1
addiction,1
overthinking,1
psychiatrist,1
diagnosis,1
stomach,1
medicine,1
chest,1
symptoms,1

